Component,RelativePath,UnitType,Extension,RoutineCount,RoutinesSample,Bytes
Client,Client/Forms Sources/frmCarte.frm,Form,.frm,1,Form_Load,1204
Client,Client/Forms Sources/frmFixItem.frm,Form,.frm,8,Form_Load;chkFix_Click;cmbItem_Click;cmbItem_Scroll;Form_MouseDown;Form_MouseMove;Form_MouseUp;picCancel_Click,6984
Client,Client/Forms Sources/frmFlash.frm,Form,.frm,6,Check_Timer;Form_Load;Form_MouseDown;Form_MouseMove;Form_MouseUp;Label1_Click,4289
Client,Client/Forms Sources/frmGestionMariage.frm,Form,.frm,1,Command1_Click,1396
Client,Client/Forms Sources/frmGuild.frm,Form,.frm,6,Command1_Click;Command2_Click;Form_Load;Form_MouseDown;Form_MouseMove;Form_MouseUp,3673
Client,Client/Forms Sources/frmMainMenu.frm,Form,.frm,41,getreselotionX;getreselotionY;Check1_Click;Form_GotFocus;Form_Load;Form_Unload;imgLogin_MouseDown;imgLogin_MouseMove;imgLogin_MouseUp;imgNouveau_MouseDown;imgNouveau_MouseMove;imgNouveau_MouseUp;imgPers_MouseDown;imgPers_MouseMove;imgPers_MouseUp;Label1_Click;Label2_Click;Label6_Click;lbl_creer_Click;lstChars_Click,30365
Client,Client/Forms Sources/frmMapReport.frm,Form,.frm,1,lstIndex_DblClick,1354
Client,Client/Forms Sources/frmMariage.frm,Form,.frm,2,Command1_Click;Form_Load,3222
Client,Client/Forms Sources/frmMirage.frm,Form,.frm,126,AddDef_Click;AddMagi_Click;AddSpeed_Click;AddStr_Click;artquete_Click;cbtr1_Change;cbth_keypress;cbtb_keypress;cbtg_keypress;cbtd_keypress;cbta_keypress;cbtra_keypress;cbtc_keypress;cbtac_keypress;cbtr_keypress;chkLowEffect_Click;chknobj_Click;chksound_Click;chkbubblebar_Click;chknpcbar_Click,224544
Client,Client/Forms Sources/frmNewChar.frm,Form,.frm,12,cmbClass_Click;Form_MouseDown;Form_MouseMove;Form_MouseUp;picAddChar_Click;picAddChar_MouseDown;picCancel_Click;Form_Load;picCancel_MouseDown;Timer2_Timer;txtName_GotFocus;txtName_KeyPress,19087
Client,Client/Forms Sources/frmPlayerChat.frm,Form,.frm,12,Form_KeyDown;Form_KeyPress;Form_Load;Form_MouseDown;Form_MouseMove;Form_MouseUp;Label2_Click;txtChat_GotFocus;txtChat_KeyDown;txtSay_GotFocus;txtSay_KeyDown;txtSay_KeyPress,8274
Client,Client/Forms Sources/frmPlayerHelp.frm,Form,.frm,5,btnAbsent_Click;Command1_Click;Command2_Click;Command3_Click;Command4_Click,6517
Client,Client/Forms Sources/frmPlayerTrade.frm,Form,.frm,11,Command1_Click;Command3_Click;Command4_Click;Command5_Click;Form_Load;Form_MouseDown;Form_MouseMove;Form_MouseUp;Items1_DblClick;Label1_Click;PlayerInv1_DblClick,10094
Client,Client/Forms Sources/frmServerChooser.frm,Form,.frm,10,cmdCancel_Click;cmdOk_Click;CmdRafraichir_Click;Form_Load;CheckServerStatus;Form_MouseDown;Form_MouseMove;Form_MouseUp;Label1_Click;lstServers_DblClick,6589
Client,Client/Forms Sources/frmSplashScreen.frm,Form,.frm,1,splashtimer_Timer,974
Client,Client/Forms Sources/frmTrade.frm,Form,.frm,14,ActuShop_Timer;Form_Load;Form_MouseDown;Form_MouseMove;Form_MouseUp;label_Click;Label7_Click;lblDeal_Click;lblVendre_Click;picFixItems_Click;picCancel_Click;picItem_Click;AffObj;picItem_DblClick,76660
Client,Client/Forms Sources/frmadmin.frm,Form,.frm,35,btnname_Click;btnPlayerSprite_Click;btnBan_Click;btnkick_Click;btnLOC_Click;btnRespawn_Click;btnWarpmeTo_Click;btnWarpto_Click;btnWarptome_Click;btnclose_Click;btnSprite_Click;btnSetAccess_Click;btnyname_Click;Command10_Click;Command11_Click;Command12_Click;Command13_Click;Command14_Click;Command15_Click;Command2_Click,49733
Client,Client/Forms Sources/frmbank.frm,Form,.frm,19,Command1_Click;Form_MouseDown;Form_MouseUp;jeter_Click;jinv_Click;Form_Load;DansInv;DansCoffre;Form_MouseMove;OK_Click;Picture1_Click;Picture1_DragDrop;Picture1_DragOver;Picture1_MouseMove;Picture2_Click;Picture2_DragDrop;Picture2_DragOver;Picture2_MouseMove;ActPic,42481
Client,Client/Forms Sources/frmcraft.frm,Form,.frm,7,CmdCrafter_Click;Form_Load;Form_MouseDown;Form_MouseMove;Form_MouseUp;lblQuitter_Click;scrlRecettes_Change,7737
Client,Client/Forms Sources/frmsplash.frm,Form,.frm,2,Form_KeyPress;Form_Load,2502
Client,Client/Modules Sources/ModINI.bas,Module,.bas,3,WriteINI;ReadINI;InitAccountOpt,2763
Client,Client/Modules Sources/ModPNG.bas,Module,.bas,14,InitGDIPlus;FreeGDIPlus;LoadPictureGDIPlus;InitDC;gdipResize;GetBitmap;CreatePicture;Resize;FillInWmfHeader;PngImageLoad;PngPictureLoad;LoadPNG;LoadImage;LoadImageStretch,13495
Client,Client/Modules Sources/fullscreen.bas,Module,.bas,0,,1627
Client,Client/Modules Sources/modClientTCP.bas,Module,.bas,65,TcpInit;TcpDestroy;IncomingData;HandleData;ConnectToServer;IsConnected;IsPlaying;SendData;SendNewAccount;SendDelAccount;SendLogin;SendAddChar;SendDelChar;SendGetClasses;SendUseChar;SayMsg;GlobalMsg;BroadcastMsg;EmoteMsg;GuildeMsg,85045
Client,Client/Modules Sources/modDatabase.bas,Module,.bas,7,StripTerminator;FileExiste;SaveLocalMap;LoadMap;GetMapRevision;MovePicture;MoveForm,1891
Client,Client/Modules Sources/modDirectDraw7.bas,Module,.bas,3,DestroyDirectDraw;BltSprite;NewCharacterBltSprite,2986
Client,Client/Modules Sources/modDirectX.bas,Module,.bas,39,InitDirectX;LoadMaxSprite;LoadMaxPaperdolls;LoadMaxSpells;LoadMaxBigSpells;LoadMaxPet;InitBackBuffer;UnloadTextures;PrepareSprite;PrepareSpell;PrepareBigSpell;PreparePaperDoll;PreparePet;InitSurfaces;DestroyDirectX;NeedToRestoreSurfaces;SetMaskColorFromPixel;DisplayFx;Night;BltWeather,46228
Client,Client/Modules Sources/modGameLogic.bas,Module,.bas,58,Main;SetStatus;MenuState;GameInit;initRac;affrac;saveRac;useRac;GameLoop;GameDestroy;BltTile;BltItem;BltFog;BltFringeTile;BltPlayerPet;BltPlayerOmbre;BltPlayer;BltPlayerTop;BltMapNPCName;BltNpc,218044
Client,Client/Modules Sources/modSCapture.bas,Module,.bas,7,CaptureScreen;CaptureForm;CaptureClient;CreateBitmapPicture;CaptureWindow;CaptureArea;CaptureActiveWindow,5805
Client,Client/Modules Sources/modSound.bas,Module,.bas,7,PlayMidi;StopMidi;MakeMidiLoop;PlaySound;StopSound;PlayMP3;StopMP3,2498
Client,Client/Modules Sources/modText.bas,Module,.bas,7,SetFont;DrawText;DrawPlayerNameText;DrawTextInter;AddText;TextAdd;Parse,6232
Client,Client/Modules Sources/modTypes.bas,Module,.bas,73,iniOptTouche;ClearTempTile;ClearPlayer;ClearPlayerQuete;ClearItem;ClearItems;ClearMapItem;ClearMap;ClearMapItems;ClearMapNpc;ClearMapNpcs;GetPlayerName;SetPlayerName;GetPlayerGuild;SetPlayerGuild;GetPlayerGuildAccess;SetPlayerGuildAccess;GetPlayerClass;SetPlayerClass;GetPlayerSprite,33824
Client,Client/Modules Sources/modXp.bas,Module,.bas,1,InitXpStyle,590
Client,Client/Modules Sources/transparence.bas,Module,.bas,1,TransRegion,2005
Editeur,Editeur/Forms Sources/ctlProgressBar.ctl,UserControl,.ctl,28,Marquee;Scrolling;hwnd;Max;Min;value;BorderStyle;Appearance;State;Refresh;UserControl_Initialize;UserControl_InitProperties;UserControl_ReadProperties;UserControl_WriteProperties;UserControl_Resize;UserControl_Terminate;pvIsXP;pvComCtlVersion;pvSetRange;pvSetBorder,17856
Editeur,Editeur/Forms Sources/frmArena.frm,Form,.frm,6,cmdCancel_Click;cmdOk_Click;form_Load;scrlNum1_Change;scrlNum2_Change;scrlNum3_Change,9197
Editeur,Editeur/Forms Sources/frmAttributes.frm,Form,.frm,17,optArena_Click;OptBank_Click;optCBlock_Click;optClassChange_Click;optNPC_Click;optWarp_Click;optItem_Click;optKey_Click;optKeyOpen_Click;optNotice_Click;optScripted_Click;optShop_Click;optSign_Click;optSound_Click;optSprite_Click;cmdClear_Click;cmdClear2_Click,2230
Editeur,Editeur/Forms Sources/frmBClass.frm,Form,.frm,6,cmdCancel_Click;cmdOk_Click;Form_Load;scrlNum1_Change;scrlNum2_Change;scrlNum3_Change,9603
Editeur,Editeur/Forms Sources/frmBDir.frm,Form,.frm,6,cmdCancel_Click;cmdOk_Click;Combo1_Click;Combo2_Click;Combo3_Click;Form_Load,7033
Editeur,Editeur/Forms Sources/frmBMont.frm,Form,.frm,0,,4586
Editeur,Editeur/Forms Sources/frmBguilde.frm,Form,.frm,3,cmdCancel_Click;cmdOk_Click;Form_Load,4296
Editeur,Editeur/Forms Sources/frmBniv.frm,Form,.frm,4,cmdCancel_Click;cmdOk_Click;Form_Load;scrlNum1_Change,5156
Editeur,Editeur/Forms Sources/frmCarte.frm,Form,.frm,0,,627
Editeur,Editeur/Forms Sources/frmChars.frm,Form,.frm,6,Form_KeyPress;Form_QueryUnload;lstChars_DblClick;lstChars_KeyPress;picCancel_Click;picUseChar_Click,2678
Editeur,Editeur/Forms Sources/frmClassChange.frm,Form,.frm,5,cmdCancel_Click;cmdOk_Click;form_Load;scrlClass_Change;scrlReqClass_Change,7800
Editeur,Editeur/Forms Sources/frmCoFTP.frm,Form,.frm,3,annul_Click;bt_Click;Form_Load,3596
Editeur,Editeur/Forms Sources/frmCpnjmouv.frm,Form,.frm,19,bas_Click;collco_Click;Command2_Click;defxy_Click;defxy1_Click;defxy2_Click;droite_Click;Form_Load;Form_Terminate;Form_Unload;gauche_Click;haut_Click;imob_Click;mvh_Click;OK_Click;psh_Click;scrlSkinX_Change;scrlSkinY_Change;th_Click,21718
Editeur,Editeur/Forms Sources/frmCredits.frm,Form,.frm,2,Form_Load;picCancel_Click,3564
Editeur,Editeur/Forms Sources/frmDebug.frm,Form,.frm,0,,1504
Editeur,Editeur/Forms Sources/frmDeleteAccount.frm,Form,.frm,3,Form_Load;picCancel_Click;picConnect_Click,4973
Editeur,Editeur/Forms Sources/frmEditArrows.frm,Form,.frm,5,cmdOk_Click;Command1_Click;Form_Unload;scrlArrow_Change;scrlRange_Change,8480
Editeur,Editeur/Forms Sources/frmEditeurQuetes.frm,Form,.frm,27,cases_Change;collco_Click;Form_Unload;anul_Click;defxy_Click;Form_Load;indo_Change;indpnj_Change;nbt_Change;nbxp_Change;numepnj_Change;numo_Change;numod_Change;numopnj_Change;numpnj_Change;OK_Click;quant_Change;rexp_Change;rexp_LostFocus;ro1_Change,38482
Editeur,Editeur/Forms Sources/frmEmoticonEditor.frm,Form,.frm,7,cmdOk_Click;Command1_Click;Form_Load;Form_Unload;scrlEmoticon_Change;Timer1_Timer;txtCommand_Change,8866
Editeur,Editeur/Forms Sources/frmFixItem.frm,Form,.frm,7,chkFix_Click;cmbItem_Click;cmbItem_Scroll;Form_MouseDown;Form_MouseMove;Form_MouseUp;picCancel_Click,6421
Editeur,Editeur/Forms Sources/frmGetData.frm,Form,.frm,0,,1141
Editeur,Editeur/Forms Sources/frmGuild.frm,Form,.frm,5,Command1_Click;Command2_Click;Form_MouseDown;Form_MouseMove;Form_MouseUp,3191
Editeur,Editeur/Forms Sources/frmIndex.frm,Form,.frm,13,cmdOk_Click;cmdCancel_Click;coller_Click;copier_Click;couper_Click;Form_KeyDown;Form_KeyUp;lstIndex_DblClick;lstIndex_KeyDown;lstIndex_MouseUp;SSTab1_KeyDown;Text1_Change;Text1_GotFocus,16516
Editeur,Editeur/Forms Sources/frmInventory.frm,Form,.frm,4,Form_Load;picUseItem_Click;picDropItem_Click;picCancel_Click,5394
Editeur,Editeur/Forms Sources/frmIpconfig.frm,Form,.frm,3,Form_Load;picCancel_Click;picConfirm_Click,5048
Editeur,Editeur/Forms Sources/frmItemEditor.frm,Form,.frm,40,chkBow_Click;cmbBow_Click;cmdOk_Click;cmdCancel_Click;cmbType_Click;coulr_Click;Form_Load;Form_Unload;HScroll1_Change;HScroll2_Change;picPic_MouseDown;picPic_MouseMove;scrlAccessReq_Change;scrlAddDef_Change;scrlAddEXP_Change;scrlAddHP_Change;scrlAddMagi_Change;scrlAddMP_Change;scrlAddSP_Change;scrlAddSpeed_Change,84643
Editeur,Editeur/Forms Sources/frmKeepNotes.frm,Form,.frm,2,Close_Click;Save_Click,1814
Editeur,Editeur/Forms Sources/frmKeyOpen.frm,Form,.frm,7,cmdOk_Click;cmdCancel_Click;collco_Click;defxy1_Click;Form_Load;scrlX_Change;scrlY_Change,10528
Editeur,Editeur/Forms Sources/frmLogin.frm,Form,.frm,1,picCancel_Click,927
Editeur,Editeur/Forms Sources/frmMainMenu.frm,Form,.frm,11,Form_Load;Form_QueryUnload;picConnect_Click;picCredits_Click;picQuit_Click;Timer1_Timer;Timer2_Timer;txtName_GotFocus;txtName_KeyPress;txtPassword_GotFocus;txtPassword_KeyPress,12564
Editeur,Editeur/Forms Sources/frmMapEditor.frm,Form,.frm,7,Form_KeyDown;Form_KeyUp;picBackSelect_KeyDown;picBackSelect_KeyUp;picBackSelect_MouseDown;picBackSelect_MouseMove;scrlPicture_Change,5150
Editeur,Editeur/Forms Sources/frmMapErr.frm,Form,.frm,4,cmdNormal_Click;cmdRestaure_Click;Form_Load;Init,3171
Editeur,Editeur/Forms Sources/frmMapItem.frm,Form,.frm,5,form_Load;cmdOk_Click;cmdCancel_Click;scrlItem_Change;scrlValue_Change,8897
Editeur,Editeur/Forms Sources/frmMapKey.frm,Form,.frm,4,Form_Load;cmdOk_Click;scrlItem_Change;cmdCancel_Click,7567
Editeur,Editeur/Forms Sources/frmMapProperties.frm,Form,.frm,33,ch1_Click;ch2_Click;chkFog_Click;collco_Click;Command1_Click;Command2_Click;Command3_Click;Command4_Click;Command5_Click;Copy_Click;InitMPr;Form_Load;cmdOk_Click;cmdCancel_Click;Form_Terminate;Form_Unload;PanoInf_Click;PanoInf_KeyDown;PanoInf_KeyPress;PanoSup_Click,78089
Editeur,Editeur/Forms Sources/frmMapWarp.frm,Form,.frm,8,cmdOk_Click;cmdCancel_Click;collco_Click;Command1_Click;form_Load;scrlX_Change;scrlY_Change;txtMap_Change,9891
Editeur,Editeur/Forms Sources/frmMetier.frm,Form,.frm,7,cmdCancel_Click;cmdOk_Click;CMetier_Change;Form_Load;scrlCibleNPC_Change;scrlExpNPC_Change;scrlNPCNum_Change,6690
Editeur,Editeur/Forms Sources/frmMirage.frm,Form,.frm,153,AddDef_Click;AddMagi_Click;AddSpeed_Click;AddStr_Click;adminiguild_Click;artquete_Click;Attributs_MouseDown;Attributs_MouseMove;Attributs_MouseUp;cmdLeave_Click;cmdMember_Click;colle_Click;copco_Click;copi_Click;coup_Click;credit_Click;creeguild_Click;don_Click;Editeurclas_Click;Editeuremot_Click,211883
Editeur,Editeur/Forms Sources/frmNPCSpawn.frm,Form,.frm,6,Command1_Click;Command2_Click;Form_Load;scrlNum_Change;scrlNum2_Change;scrlNum3_Change,5225
Editeur,Editeur/Forms Sources/frmNewAccount.frm,Form,.frm,3,Form_Load;picCancel_Click;picConnect_Click,8266
Editeur,Editeur/Forms Sources/frmNewChar.frm,Form,.frm,6,cmbClass_Click;picAddChar_Click;picCancel_Click;Timer1_Timer;Form_Load;Timer2_Timer,18427
Editeur,Editeur/Forms Sources/frmNotice.frm,Form,.frm,4,cmdCancel_Click;cmdOk_Click;Form_Load;lstSound_Click,7765
Editeur,Editeur/Forms Sources/frmNpcEditor.frm,Form,.frm,36,chkDay_Click;chkNight_Click;cmbBehavior_Click;cmbSpellType_Click;cmdAddSpell_Click;InItemData;cmdRemSpell_Click;ExpGive_Change;ExpGive_Scroll;Form_Load;Form_Unload;invi_Click;quetenum_Change;scrlDEF_Scroll;scrlDropItem_Change;scrlMAGI_Scroll;scrlRange_Scroll;scrlSPEED_Scroll;scrlSprite_Change;scrlRange_Change,47200
Editeur,Editeur/Forms Sources/frmPanorama.frm,Form,.frm,3,cmdCancel_Click;cmdOk_Click;lstPano_DblClick,4276
Editeur,Editeur/Forms Sources/frmPatch.frm,Form,.frm,6,cf_Change;Cree_Click;Form_Unload;nbf_Change;nf_Change;vf_Change,5381
Editeur,Editeur/Forms Sources/frmPerso.frm,Form,.frm,0,,1619
Editeur,Editeur/Forms Sources/frmPet.frm,Form,.frm,8,cmdCancel_Click;cmdOk_Click;Form_Load;HScrl_Change;ScrlApp_Change;ScrlDefence_Change;ScrlForce_Change;VScrl_Change,5569
Editeur,Editeur/Forms Sources/frmPlayerChat.frm,Form,.frm,8,Form_KeyPress;Form_MouseDown;Form_MouseMove;Form_MouseUp;Label2_Click;txtChat_GotFocus;txtSay_GotFocus;txtSay_KeyPress,4796
Editeur,Editeur/Forms Sources/frmPlayerHelp.frm,Form,.frm,4,btnAbsent_Click;Command1_Click;Command2_Click;Command3_Click,6276
Editeur,Editeur/Forms Sources/frmPlayerTrade.frm,Form,.frm,10,Command1_Click;Command3_Click;Command4_Click;Command5_Click;Form_MouseDown;Form_MouseMove;Form_MouseUp;Items1_DblClick;Label1_Click;PlayerInv1_DblClick,9810
Editeur,Editeur/Forms Sources/frmRecette.frm,Form,.frm,5,cmdCancel_Click;cmdOk_Click;Form_Load;scrlItemNum1_Change;scrlItemQ_Change,19558
Editeur,Editeur/Forms Sources/frmScript.frm,Form,.frm,4,cmdCancel_Click;cmdOk_Click;Form_Load;scrlScript_Change,5272
Editeur,Editeur/Forms Sources/frmSendGetData.frm,Form,.frm,1,Form_KeyPress,1588
Editeur,Editeur/Forms Sources/frmShop.frm,Form,.frm,4,cmdCancel_Click;cmdOk_Click;form_Load;scrlNum_Change,5372
Editeur,Editeur/Forms Sources/frmShopEditor.frm,Form,.frm,5,chkFixesItems_Click;cmdOk_Click;cmdCancel_Click;cmdUpdate_Click;Form_Unload,27714
Editeur,Editeur/Forms Sources/frmSign.frm,Form,.frm,3,cmdCancel_Click;cmdOk_Click;form_Load,4382
Editeur,Editeur/Forms Sources/frmSound.frm,Form,.frm,4,cmdCancel_Click;cmdOk_Click;form_Load;lstSound_Click,3983
Editeur,Editeur/Forms Sources/frmSpellEditor.frm,Form,.frm,21,CheckSpell_Click;cmbType_Click;Command1_Click;Form_Load;Form_Unload;HScroll1_Change;picPic_MouseDown;picPic_MouseMove;scrlCost_Change;scrlLevelReq_Change;scrlRange_Change;scrlSound_Change;scrlSpellAnim_Change;scrlSpellDone_Change;scrlSpellTime_Change;scrlVitalMod_Change;cmdOk_Click;cmdCancel_Click;Timer1_Timer;VScroll1_Change,36646
Editeur,Editeur/Forms Sources/frmSpriteChange.frm,Form,.frm,6,cmdCancel_Click;cmdOk_Click;Form_Load;scrlCost_Change;scrlItem_Change;scrlSprite_Change,10474
Editeur,Editeur/Forms Sources/frmTile.frm,Form,.frm,15,Defile_KeyDown;Defile_KeyUp;Form_GotFocus;Defile_Change;Defile_Scroll;Form_KeyDown;Form_KeyUp;Form_Load;Form_Unload;picTile_GotFocus;picTile_KeyDown;picTile_KeyUp;picTile_MouseDown;picTile_MouseMove;picTile_MouseUp,8954
Editeur,Editeur/Forms Sources/frmTrade.frm,Form,.frm,14,Form_Load;Form_MouseDown;Form_MouseMove;Form_MouseUp;label_Click;Label1_Click;Label7_Click;lblDeal_Click;lblVendre_Click;picFixItems_Click;picCancel_Click;picItem_Click;AffObj;picItem_DblClick,75671
Editeur,Editeur/Forms Sources/frmaMOTD.frm,Form,.frm,2,enreg_Click;Form_Load,1465
Editeur,Editeur/Forms Sources/frmadmin.frm,Form,.frm,35,btnname_Click;btnPlayerSprite_Click;btnBan_Click;btnedititem_Click;btnEditShops_Click;btneditspell_Click;btnkick_Click;btnLOC_Click;btnMapeditor_Click;btnRespawn_Click;btnWarpmeTo_Click;btnWarpto_Click;btnWarptome_Click;btnclose_Click;btnSprite_Click;btnSetAccess_Click;btnyname_Click;Command10_Click;Command11_Click;Command12_Click,51555
Editeur,Editeur/Forms Sources/frmbank.frm,Form,.frm,18,Form_MouseDown;Form_MouseUp;jeter_Click;jinv_Click;Form_Load;DansInv;DansCoffre;Form_MouseMove;OK_Click;Picture1_Click;Picture1_DragDrop;Picture1_DragOver;Picture1_MouseMove;Picture2_Click;Picture2_DragDrop;Picture2_DragOver;Picture2_MouseMove;ActPic,43693
Editeur,Editeur/Forms Sources/frmclasseseditor.frm,Form,.frm,43,ajd_GotFocus;ajd_change;ajf_GotFocus;ajf_change;ajm_GotFocus;ajm_change;ajv_GotFocus;ajv_change;arme_GotFocus;arme_change;armure_GotFocus;armure_change;bouclier_GotFocus;bouclier_change;carted_GotFocus;carted_change;cartem_GotFocus;cartem_change;caske_GotFocus;collco_Click,27687
Editeur,Editeur/Forms Sources/frmcoffre.frm,Form,.frm,7,Check1_Click;Check2_Click;cmdCancel_Click;cmdOk_Click;Form_Load;HScroll1_Change;scrlItem_Change,12600
Editeur,Editeur/Forms Sources/frmcraft.frm,Form,.frm,7,CmdCrafter_Click;Form_Load;Form_MouseDown;Form_MouseMove;Form_MouseUp;lblQuitter_Click;scrlRecettes_Change,7400
Editeur,Editeur/Forms Sources/frmenvoier.frm,Form,.frm,2,Command1_Click;TreeView1_NodeCheck,5558
Editeur,Editeur/Forms Sources/frmmsg.frm,Form,.frm,2,Form_Click;Label1_Click,2184
Editeur,Editeur/Forms Sources/frmoptions.frm,Form,.frm,18,chkLowEffect_Click;chknobj_Click;chksound_Click;chkbubblebar_Click;chknpcbar_Click;chknpcdamage_Click;chknpcname_Click;chkplayerbar_Click;chkplayerdamage_Click;chkAutoScroll_Click;scrlBltText_Change;chkplayername_Click;chkmusic_Click;cmdCancel_Click;cmdOk_Click;editcls_Click;Form_Load;nbcls_Change,41419
Editeur,Editeur/Forms Sources/frmpets.frm,Form,.frm,3,Cancel_Click;creditline1_Click;Form_Load,2455
Editeur,Editeur/Forms Sources/frmportecode.frm,Form,.frm,4,cmdCancel_Click;cmdOk_Click;code_GotFocus;Form_Load,3949
Editeur,Editeur/Forms Sources/frmsplash.frm,Form,.frm,1,Form_KeyPress,1841
Editeur,Editeur/Forms Sources/splash.frm,Form,.frm,0,,628
Editeur,Editeur/Modules Sources/fmod.bas,Module,.bas,4,FSOUND_GetErrorstring;GetStringFromPointer;GetSingleFromPointer;GetSpectrum,68088
Editeur,Editeur/Modules Sources/modBitmap.bas,Module,.bas,3,CreateGameBitmap;CreateGameBackBuffer;DestroyGameBitmap,3036
Editeur,Editeur/Modules Sources/modCatalyst.bas,Module,.bas,0,,3242
Editeur,Editeur/Modules Sources/modClientTCP.bas,Module,.bas,83,TcpInit;TcpDestroy;IncomingData;HandleData;ConnectToServer;IsConnected;IsPlaying;SendData;SendLogin;SendUseChar;SayMsg;GlobalMsg;BroadcastMsg;EmoteMsg;GuildeMsg;MapMsg;PlayerMsg;AdminMsg;SendPlayerMove;SendPlayerDir,112726
Editeur,Editeur/Modules Sources/modDatabase.bas,Module,.bas,11,StripTerminator;FileExist;FileExists;SaveLocalMap;LoadMap;LoadQuete;GetMapRevision;ListMusic;ListSounds;ListPanorama;ListFog,8441
Editeur,Editeur/Modules Sources/modDirectX.bas,Module,.bas,38,InitDirectX;UnloadTextures;PrepareSprite;PrepareSpell;PrepareBigSpell;PreparePaperDoll;PreparePet;LoadMaxSprite;LoadMaxPet;LoadMaxPaperdolls;LoadMaxSpells;LoadMaxBigSpells;InitBackBuffer;InitTiles;InitSurfaces;DestroyDirectX;NeedToRestoreSurfaces;SetMaskColorFromPixel;DisplayFx;Night,45626
Editeur,Editeur/Modules Sources/modFTP.bas,Module,.bas,7,Envoi;Supprimer;Telecharger;TestConection;ConnexionFTP;EnvoiFTP;FermerFTP,9415
Editeur,Editeur/Modules Sources/modGameLogic.bas,Module,.bas,127,getreselotionX;getreselotionY;loading;PaintMenuBitmaps;Main;SetStatus;MenuState;GameInit;GameLoop;GameDestroy;BltTile;BltItem;BltFog;BltFringeTile;BltVisu;PreVisua;BltPlayerOmbre;BltPlayer;BltPlayerPet;BltPlayerTop,328597
Editeur,Editeur/Modules Sources/modINI.bas,Module,.bas,3,WriteINI;ReadINI;InitAccountOpt,2620
Editeur,Editeur/Modules Sources/modLoadPNG.bas,Module,.bas,9,FreeGDIPlus;LoadPictureGDIPlus;gdipResize;GetBitmap;InitDC;CreatePicture;FillInWmfHeader;LoadPNG;LoadImage,9234
Editeur,Editeur/Modules Sources/modNPCSpawn.bas,Module,.bas,6,BltAttributeNPCName;BltAttributeNpc;BltAttributeNpcTop;ProcessAttributeNpcMovement;BltAttributeNpcBars;CanAttributeNPCMove,12764
Editeur,Editeur/Modules Sources/modSCapture.bas,Module,.bas,9,CaptureScreen;CaptureForm;CaptureClient;CreateBitmapPicture;CaptureWindow;CaptureArea;CaptureActiveWindow;CaptureCarte;CarteCapture,7490
Editeur,Editeur/Modules Sources/modSound.bas,Module,.bas,7,PlayMidi;StopMidi;MakeMidiLoop;PlaySound;StopSound;PlayMP3;StopMP3,2482
Editeur,Editeur/Modules Sources/modTCP.bas,Module,.bas,0,,4126
Editeur,Editeur/Modules Sources/modText.bas,Module,.bas,5,SetFont;DrawText;DrawPlayerNameText;AddText;Parse,5487
Editeur,Editeur/Modules Sources/modTypes.bas,Module,.bas,81,ClearSpell;ClearShop;ClearNpc;ClearQuete;ClearTempTile;ClearPlayer;ClearPlayerQuete;ClearPet;ClearRecette;ClearItem;ClearItems;ClearMapItem;ClearMap;ClearTempMaps;NetQueteType;NetTempMap;VidercttMap;ViderTMap;ClearMapItems;ClearMapNpc,45314
Editeur,Editeur/Modules Sources/modXp.bas,Module,.bas,1,InitXpStyle,590
Serveur,Serveur/Classes Sources/clsCommands.cls,Class,.cls,163,SummonNpc;NpcOrder;SetPlayerQuete;PlayerInMap;GetVar;PutVar;GlobalMsg;AdminMsg;PlayerMsg;GuildeMsg;QueteMsg;MapMsg;AlertMsg;GetPlayerLogin;GetPlayerName;GetPlayerGuild;GetPlayerGuildAccess;SetPlayerGuildAccess;GetPlayerClass;SetPlayerClass,53502
Serveur,Serveur/Classes Sources/clsHdV.cls,Class,.cls,12,Class_Initialize;Class_Terminate;AddAchat;AddVente;CancelAchat;CancelVente;OptimiseAchatVente;CheckAll;ListeAchats;ListeVentes;SaveHdV;LoadHdV,20269
Serveur,Serveur/Classes Sources/clsHdVChild.cls,Class,.cls,0,,532
Serveur,Serveur/Classes Sources/clsMD5.cls,Class,.cls,19,MD5FileToHexStr;MD5StrToHexStr;MD5Init;MD5Transform;MD5Update;MD5Final;GetValues;StringToArray;LongToString;Decode;FF;GG;HH;II;LongLeftRotate;LongOverflowAdd;LongOverflowAdd4;UnsignedToLong;LongToUnsigned,14264
Serveur,Serveur/Classes Sources/clsParty.cls,Class,.cls,11,CreateParty;DisbandParty;AddMember;MemberIndex;PlayerIndex;RemoveMember;ShareExp;MemberCount;Leader;SetNewLeader;Class_Initialize,4822
Serveur,Serveur/Classes Sources/clsPartys.cls,Class,.cls,7,Class_Initialize;InitParty;AddMember;RemoveMember;MemberIndex;PlayerIndex;Count,4446
Serveur,Serveur/Classes Sources/clsRC4.cls,Class,.cls,8,ErrorNumber;Password;ErrorMessage;EncryptFile;EncryptString;Initialize;EnDeCrypt;EnDeCryptSingle,7677
Serveur,Serveur/Classes Sources/clsSadScript.CLS,Class,.cls,13,FilePass;ReadInCode;ReturnStringFromFile;GetSubs;AddSubsToCode;GetFunctions;AddFuncsToCode;Class_Initialize;Class_Terminate;RunCodeReturn;ExecuteStatement;SControl_Error;EncryptFile,12544
Serveur,Serveur/Forms Sources/ctlProgressBar.ctl,UserControl,.ctl,28,Marquee;Scrolling;hwnd;Max;Min;value;BorderStyle;Appearance;State;Refresh;UserControl_Initialize;UserControl_InitProperties;UserControl_ReadProperties;UserControl_WriteProperties;UserControl_Resize;UserControl_Terminate;pvIsXP;pvComCtlVersion;pvSetRange;pvSetBorder,17856
Serveur,Serveur/Forms Sources/ctlSysTrayBalloon.ctl,UserControl,.ctl,37,CallBackProc;UserControl_Initialize;UserControl_ReadProperties;UserControl_Terminate;UserControl_Resize;IconPicture;BlinkIconPicture;Tooltip;BlinkIsRunning;ID;SysTrayAddIcon;SysTrayRemoveIcon;BalloonTipShow;BalloonTipShowLast;BalloonTipClose;BlinkStart;BlinkStop;SingletonIncrement;SingletonDecrement;Initialize,50690
Serveur,Serveur/Forms Sources/frmAbout.frm,Form,.frm,4,Command1_Click;Form_Load;imgLogo_MouseDown;imgLogo_MouseMove,5129
Serveur,Serveur/Forms Sources/frmCoFTP.frm,Form,.frm,3,annul_Click;bt_Click;Form_Load,3223
Serveur,Serveur/Forms Sources/frmEditor.frm,Form,.frm,40,EditorSetVals;Command1_Click;Form_Load;DoHighLight;Form_Resize;mnuBClearALL_Click;mnuBGoPrev_Click;mnuBJumpFirst_Click;mnuBJumpLast_Click;mnuBNext_Click;mnuBToggle_Click;mnuCopy_Click;mnuCut_Click;mnuDelete_Click;mnuExit_Click;mnuFind_Click;mnuFindNext_Click;mnuGoLine_Click;mnuPaste_Click;mnuRedo_Click,12642
Serveur,Serveur/Forms Sources/frmEnvFTP.frm,Form,.frm,9,annul_Click;debut_Change;debut_GotFocus;envoyer_Click;fin_Change;fin_GotFocus;Form_Load;Form_Unload;Env,6207
Serveur,Serveur/Forms Sources/frmFTP.frm,Form,.frm,8,actFTP_Click;envcFTP_Click;Form_Load;hote_GotFocus;rep_GotFocus;sauv_Click;test_Click;url_GotFocus,5991
Serveur,Serveur/Forms Sources/frmInfosMap.frm,Form,.frm,0,,6790
Serveur,Serveur/Forms Sources/frmLoad.frm,Form,.frm,2,Form_Load;Timer1_Timer,1794
Serveur,Serveur/Forms Sources/frmOptCoul.frm,Form,.frm,7,adm_Click;def_Click;dev_Click;mapp_Click;modo_Click;MsgC_Click;sauv_Click,17840
Serveur,Serveur/Forms Sources/frmOptFTP.frm,Form,.frm,8,actFTP_Click;envcFTP_Click;Form_Load;hote_GotFocus;rep_GotFocus;sauv_Click;test_Click;url_GotFocus,5218
Serveur,Serveur/Forms Sources/frmOptInfoBulle.frm,Form,.frm,5,ma_MouseDown;mer_MouseDown;mj_MouseDown;form_load;sauv_Click,4061
Serveur,Serveur/Forms Sources/frmServer.frm,Form,.frm,106,apopospet_Click;Bouclescript_Timer;CharInfo_Click;Check1_Click;colors_opt_Click;Command1_Click;Command10_Click;Command11_Click;Command12_Click;Command13_Click;Command14_Click;Command16_Click;Command18_Click;Command19_Click;Command2_Click;Command20_Click;Command21_Click;Command22_Click;Command23_Click;Command24_Click,109481
Serveur,Serveur/Forms Sources/frmclasseseditor.frm,Form,.frm,22,ajd_GotFocus;ajf_GotFocus;ajm_GotFocus;ajv_GotFocus;arme_GotFocus;armure_GotFocus;bouclier_GotFocus;carted_GotFocus;cartem_GotFocus;caske_GotFocus;def_GotFocus;force_GotFocus;magi_GotFocus;nom_GotFocus;Save_Click;scrlfem_Change;scrlhom_Change;vit_GotFocus;xd_GotFocus;xm_GotFocus,19247
Serveur,Serveur/Modules Sources/ModMetier.bas,Module,.bas,7,craftv2;craft;InMetier;CraftReussite;CraftReussiteV2;DoubleDrop;checkLvlUpMetier,13617
Serveur,Serveur/Modules Sources/modAPIRequest.bas,Module,.bas,1,SendAPIRequest,1598
Serveur,Serveur/Modules Sources/modCodeEdit.bas,Module,.bas,2,ResetAllEditVals;GetEditColors,3977
Serveur,Serveur/Modules Sources/modDatabase.bas,Module,.bas,69,PlayerInMap;GetVar;PutVar;WriteINI;ReadINI;LoadExps;CheckExps;ClearExps;LoadEmos;CheckEmos;ClearEmos;SaveEmoticon;FileExist;SavePlayer;SavePlayerOptim;LoadPlayer;LoadPlayerQuete;AccountExist;CharExist;PasswordOK,47781
Serveur,Serveur/Modules Sources/modFTP.bas,Module,.bas,7,Envoi;Supprimer;Telecharger;TestConection;ConnexionFTP;EnvoiFTP;FermerFTP,9751
Serveur,Serveur/Modules Sources/modGameLogic.bas,Module,.bas,67,GetPlayerDamage;GetPlayerProtection;FindOpenPlayerSlot;FindOpenInvSlot;FindOpenMapItemSlot;FindOpenSpellSlot;HasSpell;TotalOnlinePlayers;FindPlayer;HasItem;TakeItem;GiveItem;SpawnItem;SpawnItemSlot;SpawnAllMapsItems;SpawnMapItems;PlayerMapGetItem;PlayerMapDropItem;PlayerQueteTypeRecup;PlayerQueteTypeAport,203991
Serveur,Serveur/Modules Sources/modGeneral.bas,Module,.bas,18,NewDoEvents;InitServer;DestroyServer;loading;SetStatus;ServerLogic;CheckSpawnMapItems;GameAI;CheckGiveHP;VerifEffetsJoueur;PlayerSaveTimer;ChargOptCoul;ValidTarget;NpcBeside;SelectMoveNpc;CanNPCAttackNPC;NPCAttackNPC;HdvCmd,74142
Serveur,Serveur/Modules Sources/modInfoBulle.bas,Module,.bas,3,ChargIBOpt;SauvIBOpt;IBMsg,1147
Serveur,Serveur/Modules Sources/modMagieNpc.bas,Module,.bas,7,Tri;CanNpcAttackPlayerWithSpell;CanNpcRestoreHimself;CastSpellOn;CastSpellTo;NPCHasSpell;GetNpcMPRegen,20530
Serveur,Serveur/Modules Sources/modServerTCP.bas,Module,.bas,100,UpdateCaption;IsConnected;IsPlaying;IsLoggedIn;IsMultiAccounts;IsMultiIPOnline;IsBanned;SendDataTo;SendDataToAll;SendDataToAllBut;SendDataToMap;SendDataToMapBut;GlobalMsg;AdminMsg;PlayerMsg;GuildeMsg;QueteMsg;MapMsg;AlertMsg;PlainMsg,246204
Serveur,Serveur/Modules Sources/modText.bas,Module,.bas,1,TextAdd,1196
Serveur,Serveur/Modules Sources/modTypes.bas,Module,.bas,118,ClearTempTile;ContrOnOff;PNJOnOff;ClearClasses;ClearPlayer;ClearChar;ClearItem;ClearItems;ClearNpc;ClearNpcs;ClearPet;ClearPets;ClearMetier;ClearMetiers;ClearRecette;ClearRecettes;ClearMapItem;ClearMapItems;ClearMapNpc;ClearMapNpcs,46887
Serveur,Serveur/Modules Sources/modXp.bas,Module,.bas,1,InitXpStyle,590
